bucket,step,layer,relative_depth,LID_spatial,signal_magnitude,feature_entropy,spatial_variance,ratio_self_attn,ratio_cross_attn,ratio_mlp,LID_global
1_Coherent,0,0,0.0,15.800628662109375,34.79284477233887,7.001838254928589,0.197900390625,0.28843176960945127,0.034509414061903956,0.6770588159561157,4.87698221206665
1_Coherent,0,1,0.03571428571428571,17.175832557678223,34.41396827697754,7.016462564468384,0.2779541015625,0.185372257232666,0.044668400660157204,0.7699593424797058,4.926998615264893
1_Coherent,0,2,0.07142857142857142,15.378468990325928,33.66123046875,7.019076299667359,1.1224609375,0.3824284017086029,0.015489196125417947,0.6020824015140533,5.248907566070557
1_Coherent,0,3,0.10714285714285714,15.564465808868409,32.121789169311526,7.020028018951416,1.1765625,0.34889734387397764,0.024702151492238044,0.6264005064964294,5.909628391265869
1_Coherent,0,4,0.14285714285714285,15.58968563079834,22.84380168914795,6.82475471496582,1.17666015625,0.37016898691654204,0.022509864158928396,0.607321149110794,4.953158855438232
1_Coherent,0,5,0.17857142857142858,15.650624465942382,28.602769088745116,6.106556463241577,1.18544921875,0.3682987928390503,0.018309722281992437,0.6133914828300476,5.8487138748168945
1_Coherent,0,6,0.21428571428571427,15.539682292938233,19.740988349914552,6.10242600440979,1.1740234375,0.4287605077028275,0.016666208021342756,0.5545732796192169,6.316472053527832
1_Coherent,0,7,0.25,15.55216932296753,21.6398193359375,6.970820188522339,1.1783203125,0.45870187878608704,0.018151000421494246,0.5231471121311188,5.926311016082764
1_Coherent,0,8,0.2857142857142857,15.545112037658692,24.094313621520996,6.977947187423706,1.1802734375,0.4389315605163574,0.017132777720689774,0.5439356684684753,5.333118915557861
1_Coherent,0,9,0.32142857142857145,15.457226085662843,22.114062309265137,6.995515441894531,1.182421875,0.46088679432868956,0.02177507523447275,0.5173381268978119,5.953183650970459
1_Coherent,0,10,0.35714285714285715,15.550596046447755,26.10706672668457,6.984638738632202,1.18837890625,0.49480900168418884,0.022646920755505562,0.48254407942295074,5.203333377838135
1_Coherent,0,11,0.39285714285714285,15.625057125091553,30.644082069396973,6.967081880569458,1.1947265625,0.5238535225391387,0.02099008709192276,0.4551563858985901,4.941793441772461
1_Coherent,0,12,0.42857142857142855,15.691050720214843,43.18960342407227,6.903509902954101,1.2119140625,0.571593415737152,0.014538801927119493,0.41386777758598325,4.808962821960449
1_Coherent,0,13,0.4642857142857143,15.655908584594727,41.202348709106445,6.767786836624145,1.2306640625,0.524086308479309,0.016237064450979232,0.45967662930488584,5.901176452636719
1_Coherent,0,14,0.5,15.665768051147461,46.816273880004886,6.646987819671631,1.24111328125,0.5795365929603576,0.012078435346484184,0.4083849638700485,5.027088642120361
1_Coherent,0,15,0.5357142857142857,16.100904083251955,65.08675155639648,5.389727330207824,1.26962890625,0.6147008597850799,0.007955324649810792,0.37734380960464475,4.184349536895752
1_Coherent,0,16,0.5714285714285714,16.068221759796142,64.7146369934082,1.5054015934467315,1.36328125,0.5805387616157531,0.01119198026135564,0.40826925039291384,4.196135997772217
1_Coherent,0,17,0.6071428571428571,16.035991382598876,62.741943740844725,1.3746196627616882,1.36298828125,0.4717250317335129,0.009804142080247403,0.518470823764801,4.13965368270874
1_Coherent,0,18,0.6428571428571429,16.06097002029419,126.11544799804688,0.20906309708952903,1.3744140625,0.7075714886188507,0.004368700878694653,0.28805980682373045,3.7510180473327637
1_Coherent,0,19,0.6785714285714286,16.06170415878296,120.39817428588867,0.6875897437334061,1.41513671875,0.5281774580478669,0.010391830559819936,0.4614307045936584,4.5220770835876465
1_Coherent,0,20,0.7142857142857143,16.036283111572267,127.22913208007813,0.149383108317852,1.514453125,0.5636804580688477,0.007980417879298329,0.42833911776542666,4.132151126861572
1_Coherent,0,21,0.75,15.891703510284424,166.84996948242187,0.012290857546031476,1.6005859375,0.5416524887084961,0.005426336778327823,0.45292116701602936,3.3597683906555176
1_Coherent,0,22,0.7857142857142857,15.533108043670655,222.4888916015625,0.003929755033459515,2.0796875,0.6099893569946289,0.00541062573902309,0.3846000224351883,4.074095726013184
1_Coherent,0,23,0.8214285714285714,15.293134212493896,268.8902069091797,0.029126878641545773,2.58515625,0.5881410598754883,0.008094322867691517,0.4037646144628525,4.517467498779297
1_Coherent,0,24,0.8571428571428571,15.19840497970581,281.57679443359376,0.0175044072791934,3.156640625,0.524290120601654,0.00797556694597006,0.4677343100309372,5.0084733963012695
1_Coherent,0,25,0.8928571428571429,14.93586311340332,361.57152099609374,0.7860959887504577,4.34453125,0.6192327618598938,0.005980298295617104,0.37478694319725037,5.057979583740234
1_Coherent,0,26,0.9285714285714286,14.921892547607422,354.4753845214844,0.0027323330752551554,4.841015625,0.31911090910434725,0.003107486478984356,0.67778160572052,5.498416900634766
1_Coherent,0,27,0.9642857142857142,14.944710540771485,477.08612670898435,0.0,4.837109375,0.031640730984508994,0.0009179038228467107,0.9674413621425628,6.62060546875
1_Coherent,5,0,0.0,14.942687797546387,36.49518165588379,7.002357482910156,0.214990234375,0.3254071682691574,0.031590909510850904,0.6430019259452819,4.134509563446045
1_Coherent,5,1,0.03571428571428571,16.984969520568846,35.630286407470706,7.016437292098999,0.2953369140625,0.3093497812747955,0.043520018085837366,0.6471302092075348,4.298576354980469
1_Coherent,5,2,0.07142857142857142,16.035359859466553,34.52122039794922,7.020206356048584,1.02265625,0.38545480370521545,0.01680401023477316,0.5977411806583405,4.392434120178223
1_Coherent,5,3,0.10714285714285714,16.26939640045166,31.89344882965088,7.023294115066529,1.07568359375,0.40698111057281494,0.02323075421154499,0.5697881281375885,4.77980899810791
1_Coherent,5,4,0.14285714285714285,16.545948791503907,19.8696870803833,7.020783472061157,1.088671875,0.4626321136951447,0.020365055464208127,0.5170028328895568,4.311745643615723
1_Coherent,5,5,0.17857142857142858,16.63407154083252,23.571778106689454,7.01793360710144,1.09853515625,0.3879523158073425,0.018561709858477115,0.5934859633445739,5.143521308898926
1_Coherent,5,6,0.21428571428571427,17.192792701721192,16.759716796875,7.018093204498291,1.108984375,0.5762820601463318,0.013483168371021748,0.41023477017879484,4.985640048980713
1_Coherent,5,7,0.25,17.26278591156006,21.349485778808592,7.022479915618897,1.11396484375,0.4456626445055008,0.022190697118639947,0.532146668434143,5.541207313537598
1_Coherent,5,8,0.2857142857142857,17.354538917541504,26.03211212158203,7.019888639450073,1.121875,0.46478192806243895,0.018691928684711458,0.5165261507034302,5.727023124694824
1_Coherent,5,9,0.32142857142857145,17.3729097366333,29.16683883666992,7.017034196853638,1.13291015625,0.5011920809745789,0.022887324541807176,0.4759205847978592,5.832345008850098
1_Coherent,5,10,0.35714285714285715,17.549230575561523,32.74044551849365,7.008538866043091,1.1458984375,0.48426743149757384,0.025857151299715043,0.48987542390823363,7.275152683258057
1_Coherent,5,11,0.39285714285714285,17.630206680297853,37.230581283569336,7.001824855804443,1.16494140625,0.5178082823753357,0.02569197677075863,0.4564997375011444,7.215518951416016
1_Coherent,5,12,0.42857142857142855,17.578011322021485,52.014788436889646,6.917328214645385,1.20263671875,0.554335355758667,0.018725619371980428,0.42693903148174284,7.558668613433838
1_Coherent,5,13,0.4642857142857143,17.664517402648926,50.73976173400879,6.230252003669738,1.26162109375,0.552043741941452,0.021207353472709654,0.42674891352653505,6.706814765930176
1_Coherent,5,14,0.5,17.656535148620605,54.13119354248047,5.552040100097656,1.3107421875,0.5668905675411224,0.021004312857985496,0.4121051162481308,6.806496620178223
1_Coherent,5,15,0.5357142857142857,17.806325912475586,68.77571563720703,3.226781815290451,1.39541015625,0.5976999461650848,0.01135990396142006,0.39094015061855314,6.438612461090088
1_Coherent,5,16,0.5714285714285714,17.871564865112305,64.2885799407959,2.2020443201065065,1.59228515625,0.619105190038681,0.011120305582880973,0.3697745054960251,5.150496959686279
1_Coherent,5,17,0.6071428571428571,17.899050521850587,61.251465225219725,1.6910596683621406,1.61650390625,0.49704315066337584,0.011094732768833637,0.4918621152639389,5.6060357093811035
1_Coherent,5,18,0.6428571428571429,17.990674209594726,110.08534698486328,0.06288967721629887,1.64150390625,0.666502982378006,0.006626452738419175,0.32687056362628936,4.526043891906738
1_Coherent,5,19,0.6785714285714286,19.068221855163575,108.54742279052735,0.287635401263833,1.7720703125,0.6079963445663452,0.009020191617310047,0.3829834580421448,4.545041084289551
1_Coherent,5,20,0.7142857142857143,19.349571990966798,113.71853408813476,0.48224789202213286,1.9794921875,0.5768779218196869,0.007318184059113264,0.4158038944005966,4.96264123916626
1_Coherent,5,21,0.75,19.246771812438965,146.59344787597655,0.5565460532903671,2.02451171875,0.5373863816261292,0.0063874773681163784,0.4562261402606964,3.5172066688537598
1_Coherent,5,22,0.7857142857142857,19.108294105529787,197.58173217773438,0.1665855748578906,2.490625,0.6096758127212525,0.005987275671213865,0.3843369036912918,4.655751705169678
1_Coherent,5,23,0.8214285714285714,20.84653434753418,241.6048553466797,0.3423558510839939,3.303515625,0.6657669126987458,0.0071389424148947,0.32709414064884185,4.477511882781982
1_Coherent,5,24,0.8571428571428571,22.094188499450684,251.31793212890625,0.14132550358772278,4.31171875,0.5896734595298767,0.00870042652823031,0.40162610709667207,5.176708698272705
1_Coherent,5,25,0.8928571428571429,21.45628604888916,337.1321258544922,0.3544489577412605,5.504296875,0.6464656114578247,0.005401802388951183,0.34813259541988373,4.885394096374512
1_Coherent,5,26,0.9285714285714286,23.354933547973634,340.8621887207031,4.414439681568183e-05,6.514453125,0.36461264789104464,0.0027798378141596913,0.6326075255870819,5.283686637878418
1_Coherent,5,27,0.9642857142857142,23.125679397583006,452.63697814941406,2.2263830001192693e-42,6.31796875,0.04453845135867596,0.0008982153609395027,0.9545633375644684,5.455822944641113
1_Coherent,10,0,0.0,14.606675815582275,40.73919448852539,7.000387048721313,0.2120361328125,0.3775554418563843,0.029474214278161527,0.5929703414440155,3.0657362937927246
1_Coherent,10,1,0.03571428571428571,16.515732192993163,41.374172592163085,7.0147637844085695,0.27470703125,0.4025278061628342,0.045328181236982346,0.5521440148353577,3.11419677734375
1_Coherent,10,2,0.07142857142857142,16.67646541595459,35.592173385620114,7.018434286117554,0.746484375,0.38035896718502044,0.01991943586617708,0.5997215867042541,3.098306179046631
1_Coherent,10,3,0.10714285714285714,16.924748611450195,32.83265151977539,7.022502136230469,0.78310546875,0.4707497447729111,0.02172465454787016,0.5075256019830704,3.376197099685669
1_Coherent,10,4,0.14285714285714285,17.38205795288086,21.708465576171875,7.024662923812866,0.79541015625,0.49504609405994415,0.01632935544475913,0.4886245518922806,3.567763566970825
1_Coherent,10,5,0.17857142857142858,17.481084060668945,25.964272689819335,7.026438426971436,0.7974609375,0.40789332389831545,0.01500691482797265,0.5770997643470764,3.5497562885284424
1_Coherent,10,6,0.21428571428571427,18.724920082092286,19.016541004180908,7.026869440078736,0.831982421875,0.5920286417007447,0.01028931625187397,0.39768203496932986,3.83333158493042
1_Coherent,10,7,0.25,18.948676300048827,23.95285873413086,7.026160144805909,0.836279296875,0.46671552658081056,0.01609910661354661,0.5171853601932526,4.25276517868042
1_Coherent,10,8,0.2857142857142857,19.179658126831054,28.838523864746094,7.024194574356079,0.846923828125,0.49627985060214996,0.014664040226489306,0.48905610740184785,4.719449996948242
1_Coherent,10,9,0.32142857142857145,19.34575653076172,32.65793647766113,7.022015142440796,0.864453125,0.5318662524223328,0.017294628638774158,0.45083911120891573,5.118321895599365
1_Coherent,10,10,0.35714285714285715,19.382976531982422,35.765899658203125,7.015549945831299,0.87822265625,0.48695261478424073,0.02399588543921709,0.48905150294303895,6.299683570861816
1_Coherent,10,11,0.39285714285714285,19.311623191833498,39.59344215393067,7.007634019851684,0.90283203125,0.5440052092075348,0.02046798709779978,0.43552679717540743,6.4746599197387695
1_Coherent,10,12,0.42857142857142855,19.122138023376465,51.97629165649414,6.615160322189331,0.949365234375,0.5753549873828888,0.015476738195866346,0.4091682702302933,7.276213645935059
1_Coherent,10,13,0.4642857142857143,19.46122303009033,51.23405303955078,5.757052052021026,1.031884765625,0.5751348495483398,0.016552596539258956,0.40831255316734316,6.9837517738342285
1_Coherent,10,14,0.5,19.2916109085083,54.88860168457031,4.9330308675765995,1.1015625,0.5781841218471527,0.019214675575494767,0.40260120332241056,7.241458892822266
1_Coherent,10,15,0.5357142857142857,18.734531021118165,69.10128555297851,3.2206055343151094,1.1919921875,0.6096161603927612,0.010664058988913894,0.37971978187561034,7.0374603271484375
1_Coherent,10,16,0.5714285714285714,18.899287223815918,63.19702644348145,2.847684395313263,1.44931640625,0.6363109529018403,0.011364776035770774,0.35232427418231965,6.9111127853393555
1_Coherent,10,17,0.6071428571428571,18.9524938583374,59.30243835449219,2.840493419766426,1.49326171875,0.5074269533157348,0.010526124201714993,0.4820469319820404,6.7437591552734375
1_Coherent,10,18,0.6428571428571429,19.030714797973634,102.83890762329102,1.369402178376913,1.5431640625,0.6429363131523133,0.006693386984989047,0.35037030577659606,6.1598920822143555
1_Coherent,10,19,0.6785714285714286,20.214055061340332,99.73310852050781,1.432531550526619,1.75078125,0.6179070830345154,0.008902783505618572,0.37319013476371765,5.820262432098389
1_Coherent,10,20,0.7142857142857143,20.94036407470703,103.25929260253906,1.343928749114275,2.055078125,0.5745462596416473,0.007146541820839047,0.4183072060346603,5.890019416809082
1_Coherent,10,21,0.75,20.80042133331299,126.90925064086915,2.2838842689991,2.09306640625,0.4951036274433136,0.007324558729305863,0.49757181107997894,5.956324100494385
1_Coherent,10,22,0.7857142857142857,20.912666893005373,182.66978149414064,3.061747122555971,2.45751953125,0.6394501507282258,0.005898679420351982,0.3546511739492416,6.152326583862305
1_Coherent,10,23,0.8214285714285714,22.833064460754393,216.86565551757812,1.8326581776142121,3.4525390625,0.670124751329422,0.0073255344294011595,0.32254972159862516,5.402554035186768
1_Coherent,10,24,0.8571428571428571,24.092466735839842,220.2983413696289,1.288953097909689,4.7958984375,0.6182016015052796,0.007458732416853309,0.3743396610021591,5.911290645599365
1_Coherent,10,25,0.8928571428571429,23.487643814086915,295.1391143798828,0.03293899667041842,6.297265625,0.6706730663776398,0.004840109404176474,0.3244868218898773,5.440523147583008
1_Coherent,10,26,0.9285714285714286,25.627579498291016,305.7552215576172,5.264485437237454e-05,7.912109375,0.4160715341567993,0.002681578462943435,0.5812468826770782,5.842158317565918
1_Coherent,10,27,0.9642857142857142,25.655926322937013,397.5185485839844,3.738768740096347e-32,7.671484375,0.05929358042776585,0.0010126492124982178,0.9396937668323517,5.476115703582764
1_Coherent,15,0,0.0,12.4875319480896,42.05743598937988,6.991264820098877,0.18773193359375,0.40766639411449435,0.028422276116907598,0.5639113306999206,2.8674557209014893
1_Coherent,15,1,0.03571428571428571,14.657562446594238,44.865033340454104,7.004432249069214,0.23193359375,0.4795709252357483,0.045009690895676614,0.47541938424110414,2.9794976711273193
1_Coherent,15,2,0.07142857142857142,16.91127300262451,35.93311614990235,6.997637224197388,0.510986328125,0.35603803396224976,0.02251030523329973,0.6214516580104827,2.8581550121307373
1_Coherent,15,3,0.10714285714285714,17.118050384521485,34.151253890991214,6.999530601501465,0.539501953125,0.5248191177845001,0.021632471680641176,0.4535484164953232,3.041599988937378
1_Coherent,15,4,0.14285714285714285,17.664076042175292,24.518056678771973,7.000339508056641,0.545068359375,0.49772495627403257,0.015119049418717622,0.48715598583221437,3.119802951812744
1_Coherent,15,5,0.17857142857142858,17.772170639038087,30.52138748168945,7.004086685180664,0.545654296875,0.4281578004360199,0.012734541296958923,0.5591076493263245,3.2482433319091797
1_Coherent,15,6,0.21428571428571427,19.507105827331543,21.995586967468263,7.003638172149659,0.587548828125,0.5796229541301727,0.00911624450236559,0.41126079559326173,3.4696459770202637
1_Coherent,15,7,0.25,19.92608470916748,26.710140037536622,7.003003311157227,0.591357421875,0.5020998865365982,0.011195206642150879,0.48670490384101867,3.3556506633758545
1_Coherent,15,8,0.2857142857142857,20.345676994323732,30.95554141998291,7.000772523880005,0.605078125,0.5283003568649292,0.011412861198186875,0.46028678119182587,3.5379576683044434
1_Coherent,15,9,0.32142857142857145,20.655438041687013,33.01370258331299,6.999690246582031,0.630322265625,0.5571911990642547,0.012989947851747275,0.42981885075569154,4.011521816253662
1_Coherent,15,10,0.35714285714285715,20.498670768737792,35.61236000061035,6.994882726669312,0.645751953125,0.5008257061243058,0.019112006388604642,0.4800622880458832,4.641787052154541
1_Coherent,15,11,0.39285714285714285,20.270195960998535,39.07178382873535,6.983410835266113,0.67216796875,0.572541332244873,0.015201160125434399,0.4122575134038925,5.002040386199951
1_Coherent,15,12,0.42857142857142855,19.979627990722655,48.519169616699216,6.389601325988769,0.722265625,0.5914675176143647,0.011864626221358776,0.3966678410768509,5.631099700927734
1_Coherent,15,13,0.4642857142857143,20.559871482849122,47.5710506439209,5.694697105884552,0.812109375,0.5898564100265503,0.011908396426588298,0.39823518991470336,5.596793174743652
1_Coherent,15,14,0.5,20.321431732177736,51.540392303466795,5.060946041345597,0.88330078125,0.5947495222091674,0.013079360546544194,0.392171123623848,6.332718372344971
1_Coherent,15,15,0.5357142857142857,19.004697418212892,66.44593963623046,4.076288366317749,0.977734375,0.6232258915901184,0.008248295355588197,0.3685258120298386,7.0082879066467285
1_Coherent,15,16,0.5714285714285714,19.253528213500978,61.315365600585935,3.7551581859588623,1.26142578125,0.6440931856632233,0.008704333519563078,0.3472024768590927,6.275402545928955
1_Coherent,15,17,0.6071428571428571,19.3756383895874,57.32703323364258,4.326222348213196,1.32646484375,0.5124910593032836,0.008198018185794353,0.4793109208345413,5.722878456115723
1_Coherent,15,18,0.6428571428571429,19.521637153625488,98.15603866577149,3.809829330444336,1.387109375,0.6327032148838043,0.005572543200105429,0.3617242336273193,5.788625717163086
1_Coherent,15,19,0.6785714285714286,21.3325984954834,99.89664459228516,3.2592813313007354,1.69794921875,0.6479254245758057,0.0075734905432909725,0.3445010811090469,5.637056827545166
1_Coherent,15,20,0.7142857142857143,22.534403610229493,100.40068130493164,3.038000363111496,2.11826171875,0.577827763557434,0.006871370086446405,0.41530086994171145,5.848367214202881
1_Coherent,15,21,0.75,22.481830978393553,122.16615219116211,4.318045368790626,2.18310546875,0.49595109820365907,0.006753631075844169,0.49729527831077575,6.0751729011535645
1_Coherent,15,22,0.7857142857142857,23.49115982055664,174.41507568359376,4.526637893915177,2.4533203125,0.651806902885437,0.0057145868428051475,0.34247850477695463,5.930809020996094
1_Coherent,15,23,0.8214285714285714,26.84425868988037,207.08340148925782,3.0598884537816047,3.616796875,0.6875408828258515,0.006508728675544262,0.30595038533210756,5.86529016494751
1_Coherent,15,24,0.8571428571428571,27.866973876953125,213.9643524169922,2.12841839492321,5.51953125,0.6520588576793671,0.006307051563635468,0.34163408875465395,5.773341178894043
1_Coherent,15,25,0.8928571428571429,27.87316131591797,275.58433837890624,0.0697761799034197,7.710546875,0.6918950259685517,0.004920060839504003,0.30318490862846376,5.744209289550781
1_Coherent,15,26,0.9285714285714286,30.520008277893066,268.38780822753904,0.0015559635732643074,10.3578125,0.4506207525730133,0.0031663387548178435,0.546212911605835,5.582789897918701
1_Coherent,15,27,0.9642857142857142,31.16539649963379,320.2759185791016,2.656831950238207e-21,10.29453125,0.09178601577877998,0.001284299953840673,0.9069296777248382,5.15518045425415
1_Coherent,19,0,0.0,8.16121883392334,38.61937942504883,6.955737113952637,0.16708984375,0.41153888702392577,0.027742374502122403,0.5607187390327454,2.8089678287506104
1_Coherent,19,1,0.03571428571428571,10.641865253448486,37.64668197631836,6.960070705413818,0.21055908203125,0.5042645931243896,0.04339359700679779,0.45234180688858033,3.065079927444458
1_Coherent,19,2,0.07142857142857142,13.764348125457763,34.392846298217776,6.912962913513184,0.464697265625,0.35583366453647614,0.023900819942355156,0.6202655255794525,2.7891428470611572
1_Coherent,19,3,0.10714285714285714,13.890833187103272,33.47578773498535,6.901727485656738,0.5052490234375,0.5366516709327698,0.01992764212191105,0.4434206783771515,2.9313735961914062
1_Coherent,19,4,0.14285714285714285,14.448630332946777,25.90742130279541,6.889917278289795,0.5043701171875,0.507846149802208,0.013299621641635895,0.47885423004627226,3.0323452949523926
1_Coherent,19,5,0.17857142857142858,14.796388339996337,32.461079597473145,6.90258002281189,0.5080322265625,0.43769732415676116,0.010355028975754976,0.5519476413726807,3.123147487640381
1_Coherent,19,6,0.21428571428571427,16.754782485961915,23.513659477233887,6.905140352249146,0.548974609375,0.5708204567432403,0.00834643915295601,0.4208331048488617,3.1028199195861816
1_Coherent,19,7,0.25,17.30597915649414,26.6966495513916,6.906891107559204,0.556494140625,0.5190513074398041,0.008865727949887514,0.4720829755067825,3.280153751373291
1_Coherent,19,8,0.2857142857142857,18.138029670715333,30.19582042694092,6.903658151626587,0.573486328125,0.5535493493080139,0.00928510893136263,0.43716554045677186,3.3076038360595703
1_Coherent,19,9,0.32142857142857145,18.81184196472168,29.349666786193847,6.906351041793823,0.6021484375,0.5743209779262543,0.010836358834058046,0.4148426681756973,3.6120803356170654
1_Coherent,19,10,0.35714285714285715,18.65078639984131,31.18727226257324,6.902624177932739,0.616748046875,0.5143068939447403,0.015169418510049581,0.4705236852169037,3.807237148284912
1_Coherent,19,11,0.39285714285714285,18.47691593170166,34.29800796508789,6.898629808425904,0.645263671875,0.591076111793518,0.012276752665638924,0.39664712846279143,4.0588250160217285
1_Coherent,19,12,0.42857142857142855,18.21114559173584,42.20290756225586,6.530704832077026,0.689501953125,0.6027165293693543,0.009450042992830277,0.3878334254026413,4.293698310852051
1_Coherent,19,13,0.4642857142857143,19.58548927307129,42.32196273803711,6.185676097869873,0.7796875,0.5998975515365601,0.009150301665067672,0.39095215797424315,4.742410182952881
1_Coherent,19,14,0.5,19.466496467590332,46.14642105102539,5.820556712150574,0.8517578125,0.6001137256622314,0.008481459226459265,0.39140482544898986,5.554539203643799
1_Coherent,19,15,0.5357142857142857,18.295689582824707,62.86089859008789,5.35236086845398,0.951513671875,0.6351594150066375,0.006367836473509669,0.3584727466106415,5.408835411071777
1_Coherent,19,16,0.5714285714285714,18.65646286010742,59.250976181030275,5.421786069869995,1.2451171875,0.6462399959564209,0.007244544941931963,0.3465154618024826,4.871826171875
1_Coherent,19,17,0.6071428571428571,18.82321443557739,56.19867630004883,5.956964826583862,1.3296875,0.5153242409229278,0.007241251412779093,0.477434504032135,4.542482376098633
1_Coherent,19,18,0.6428571428571429,19.50826225280762,93.80079193115235,6.110854768753052,1.396875,0.6120512187480927,0.00528111825697124,0.3826676577329636,4.688826084136963
1_Coherent,19,19,0.6785714285714286,22.328166961669922,102.80629806518554,5.051555705070496,1.85107421875,0.6854899287223816,0.0071161982603371145,0.30739386677742003,4.8394670486450195
1_Coherent,19,20,0.7142857142857143,24.379162979125976,103.00558013916016,5.093580532073974,2.378515625,0.5875477433204651,0.00755564896389842,0.40489661395549775,4.844525337219238
1_Coherent,19,21,0.75,25.465130043029784,120.19615097045899,5.390621334314346,2.5947265625,0.5023620963096619,0.00801995168440044,0.4896179437637329,5.031939506530762
1_Coherent,19,22,0.7857142857142857,28.167803001403808,163.74811859130858,5.071386176347732,3.013671875,0.6340543687343597,0.007579877506941557,0.35836576521396635,5.025193214416504
1_Coherent,19,23,0.8214285714285714,32.97686767578125,195.86322479248048,3.453116798400879,4.821875,0.6867575883865357,0.009368973225355149,0.3038734465837479,4.830361366271973
1_Coherent,19,24,0.8571428571428571,33.51210384368896,209.58385162353517,3.016181641817093,7.815625,0.6679050624370575,0.008596567809581757,0.32349836826324463,4.907025337219238
1_Coherent,19,25,0.8928571428571429,33.926547050476074,248.75601348876953,1.0459624409675599,11.44296875,0.6612485945224762,0.010837505105882883,0.32791389524936676,4.852585792541504
1_Coherent,19,26,0.9285714285714286,39.058518981933595,206.6323989868164,0.626559716463089,14.12421875,0.5012934178113937,0.0070717089343816045,0.49163488745689393,4.931422233581543
1_Coherent,19,27,0.9642857142857142,40.36441535949707,187.7934997558594,8.996216451007122e-07,14.0875,0.16810260564088822,0.00198004636913538,0.8299173474311828,4.293459415435791
2_Paradoxical,0,0,0.0,15.786047649383544,34.789253616333006,7.00196008682251,0.1982666015625,0.2886941909790039,0.03453702330589294,0.6767687797546387,6.649527072906494
2_Paradoxical,0,1,0.03571428571428571,17.174374961853026,34.43105926513672,7.0167101383209225,0.2782958984375,0.18659504055976867,0.04461408071219921,0.7687908828258514,8.820630073547363
2_Paradoxical,0,2,0.07142857142857142,15.448307609558105,33.59833946228027,7.01968903541565,1.1232421875,0.3819002538919449,0.015489990636706353,0.6026097536087036,8.426770210266113
2_Paradoxical,0,3,0.10714285714285714,15.608483505249023,32.02657699584961,7.020929288864136,1.177734375,0.3469049870967865,0.024782182835042476,0.6283128201961518,8.710702896118164
2_Paradoxical,0,4,0.14285714285714285,15.626508522033692,22.330902290344238,6.823315811157227,1.17802734375,0.36832934319972993,0.021972959861159325,0.609697699546814,5.62717866897583
2_Paradoxical,0,5,0.17857142857142858,15.68845443725586,27.946508979797365,6.087007141113281,1.18671875,0.3671881049871445,0.018956402875483037,0.613855493068695,7.194567680358887
2_Paradoxical,0,6,0.21428571428571427,15.580603981018067,19.21183662414551,6.020356798171997,1.17568359375,0.4283733695745468,0.016661741863936187,0.5549648880958558,5.695937633514404
2_Paradoxical,0,7,0.25,15.571630001068115,21.200144958496093,6.980454206466675,1.180078125,0.46313425302505495,0.016605535894632338,0.520260214805603,7.606965065002441
2_Paradoxical,0,8,0.2857142857142857,15.558298587799072,23.490488243103027,6.985173463821411,1.18154296875,0.4294698804616928,0.020590391755104066,0.5499397337436676,5.899656772613525
2_Paradoxical,0,9,0.32142857142857145,15.471256732940674,21.709848976135255,6.997703218460083,1.18369140625,0.457109260559082,0.023957019485533238,0.5189337342977524,6.531977653503418
2_Paradoxical,0,10,0.35714285714285715,15.545449447631835,26.349051094055177,6.98580379486084,1.188671875,0.4982815235853195,0.024257521890103818,0.4774609625339508,9.840174674987793
2_Paradoxical,0,11,0.39285714285714285,15.597940635681152,30.579898834228516,6.967725706100464,1.19404296875,0.5219899713993073,0.021398855186998845,0.4566111773252487,10.65491008758545
2_Paradoxical,0,12,0.42857142857142855,15.713302612304688,43.37994499206543,6.884414339065552,1.2060546875,0.5671196043491363,0.015878577437251806,0.4170018136501312,8.594022750854492
2_Paradoxical,0,13,0.4642857142857143,15.712541961669922,41.03579826354981,6.671654224395752,1.2244140625,0.5178895354270935,0.01667722435668111,0.46543324291706084,8.324620246887207
2_Paradoxical,0,14,0.5,15.748841571807862,46.679191970825194,6.4943639755249025,1.23642578125,0.5709421157836914,0.012313162069767713,0.41674472093582154,9.135308265686035
2_Paradoxical,0,15,0.5357142857142857,16.184009742736816,65.7215087890625,5.479148697853089,1.26259765625,0.6146782517433167,0.008151976205408574,0.3771697700023651,10.627903938293457
2_Paradoxical,0,16,0.5714285714285714,16.15595474243164,65.4790885925293,1.4558883786201477,1.34970703125,0.5755083620548248,0.011360296700149774,0.4131313294172287,7.419305324554443
2_Paradoxical,0,17,0.6071428571428571,16.119817352294923,63.118446350097656,1.2853456377983092,1.34951171875,0.4697327226400375,0.009755615517497063,0.5205116629600525,6.309779167175293
2_Paradoxical,0,18,0.6428571428571429,16.107652854919433,126.64370727539062,0.1842736816033721,1.36279296875,0.7076015651226044,0.004495917307212949,0.2879025131464005,6.615077972412109
2_Paradoxical,0,19,0.6785714285714286,16.11605739593506,120.69140853881837,0.7174988448619842,1.40458984375,0.5272090375423432,0.010339456051588059,0.46245151162147524,5.595013618469238
2_Paradoxical,0,20,0.7142857142857143,16.083695793151854,127.34496536254883,0.12841129601001738,1.5037109375,0.5632166028022766,0.008021226106211542,0.4287621736526489,5.687220573425293
2_Paradoxical,0,21,0.75,15.957102394104004,166.54967651367187,0.011335877748206259,1.59306640625,0.5399236857891083,0.0056315728463232516,0.45444475412368773,5.534778118133545
2_Paradoxical,0,22,0.7857142857142857,15.54434118270874,222.63624267578126,0.003841651021502912,2.0724609375,0.6101558864116668,0.005418334249407053,0.3844257891178131,6.3663010597229
2_Paradoxical,0,23,0.8214285714285714,15.309747791290283,268.6413543701172,0.029108194448053838,2.5787109375,0.5864106476306915,0.008213876001536845,0.4053754687309265,6.467057704925537
2_Paradoxical,0,24,0.8571428571428571,15.180888080596924,281.3060302734375,0.020759096834808588,3.1505859375,0.5235114157199859,0.007676288951188326,0.46881229281425474,7.3002190589904785
2_Paradoxical,0,25,0.8928571428571429,14.971746444702148,361.3606414794922,0.728557425737381,4.342578125,0.6174128830432892,0.0059879586100578305,0.3765991687774658,6.378905296325684
2_Paradoxical,0,26,0.9285714285714286,14.948866939544677,354.1302795410156,0.002887370763346553,4.840625,0.31834929883480073,0.0030784770380705593,0.6785722196102142,6.613085746765137
2_Paradoxical,0,27,0.9642857142857142,14.964919567108154,476.81402893066405,0.0,4.837890625,0.03125787656754255,0.0009203088411595672,0.9678218185901641,5.776051998138428
2_Paradoxical,5,0,0.0,14.907116985321045,36.51403465270996,7.002588939666748,0.2153076171875,0.32630004584789274,0.0315281517803669,0.6421718001365662,5.006775379180908
2_Paradoxical,5,1,0.03571428571428571,16.96869773864746,35.66082534790039,7.0168381690979,0.2954833984375,0.30839842557907104,0.043615348264575006,0.6479862272739411,5.927979469299316
2_Paradoxical,5,2,0.07142857142857142,16.113514137268066,34.346007919311525,7.021181344985962,1.02216796875,0.3852453589439392,0.016753433831036092,0.5980012059211731,5.595661163330078
2_Paradoxical,5,3,0.10714285714285714,16.357622337341308,31.615462684631346,7.024440813064575,1.07578125,0.4045705020427704,0.02334505096077919,0.5720844566822052,6.1368608474731445
2_Paradoxical,5,4,0.14285714285714285,16.601629638671874,18.84321403503418,7.021682691574097,1.08935546875,0.4637205362319946,0.01964028961956501,0.5166391730308533,5.001994609832764
2_Paradoxical,5,5,0.17857142857142858,16.704091835021973,22.31666202545166,7.020633220672607,1.09931640625,0.382531076669693,0.01917757298797369,0.5982913494110107,6.305901050567627
2_Paradoxical,5,6,0.21428571428571427,17.311522674560546,15.86505193710327,7.021007823944092,1.11298828125,0.5813683271408081,0.013830293156206607,0.40480137169361113,3.6633944511413574
2_Paradoxical,5,7,0.25,17.40781650543213,20.557767868041992,7.025188446044922,1.11767578125,0.45211081206798553,0.01999864596873522,0.5278905391693115,5.388460159301758
2_Paradoxical,5,8,0.2857142857142857,17.512782669067384,25.020404243469237,7.023097658157349,1.125390625,0.46100587248802183,0.022271394729614258,0.5167227268218995,6.162232398986816
2_Paradoxical,5,9,0.32142857142857145,17.628172874450684,28.0259220123291,7.020077180862427,1.137890625,0.5027665972709656,0.025178085826337338,0.4720553010702133,8.164918899536133
2_Paradoxical,5,10,0.35714285714285715,17.7429105758667,32.497239875793454,7.012567520141602,1.15390625,0.4736180484294891,0.03603171091526747,0.49035024344921113,8.108739852905273
2_Paradoxical,5,11,0.39285714285714285,17.893803787231445,36.26834907531738,7.002422428131103,1.1732421875,0.518356305360794,0.029011107981204987,0.45263258516788485,9.301435470581055
2_Paradoxical,5,12,0.42857142857142855,17.971211433410645,50.85499801635742,6.634613561630249,1.20615234375,0.549219012260437,0.02167372461408377,0.42910726368427277,8.359528541564941
2_Paradoxical,5,13,0.4642857142857143,18.12020206451416,49.84623489379883,5.3038787841796875,1.27255859375,0.5494753003120423,0.023972191289067267,0.42655251622200013,6.841452598571777
2_Paradoxical,5,14,0.5,18.12068691253662,53.6299690246582,4.359071373939514,1.3224609375,0.5663002967834473,0.01697601992636919,0.4167236775159836,7.49908447265625
2_Paradoxical,5,15,0.5357142857142857,18.074834060668945,68.35515823364258,2.4844609647989273,1.4103515625,0.5928876876831055,0.010909302905201913,0.39620300829410554,8.189598083496094
2_Paradoxical,5,16,0.5714285714285714,18.1515775680542,62.73898200988769,1.9421630650758743,1.60615234375,0.615876430273056,0.009985921066254377,0.3741376519203186,5.413603782653809
2_Paradoxical,5,17,0.6071428571428571,18.148649215698242,60.47033424377442,1.7700617615133525,1.62578125,0.502674686908722,0.009921962209045888,0.4874033510684967,5.578729152679443
2_Paradoxical,5,18,0.6428571428571429,18.2699987411499,109.52966384887695,0.1714233400474768,1.64287109375,0.6640666246414184,0.007200022507458925,0.32873334884643557,5.804863929748535
2_Paradoxical,5,19,0.6785714285714286,19.348925018310545,107.95118560791016,0.46530622355639933,1.7755859375,0.6070372939109803,0.008968713181093334,0.38399398028850557,6.267165660858154
2_Paradoxical,5,20,0.7142857142857143,19.642994117736816,113.06603240966797,0.40323433429002764,1.98564453125,0.5723834276199341,0.00726891509257257,0.42034765481948855,5.952465534210205
2_Paradoxical,5,21,0.75,19.63237895965576,143.34447326660157,0.5914725005626679,2.03017578125,0.5295523226261138,0.007409269921481609,0.4630384147167206,5.309783935546875
2_Paradoxical,5,22,0.7857142857142857,19.691538047790527,195.44163360595704,0.253372454456985,2.5021484375,0.6109119117259979,0.005967699270695448,0.3831203877925873,6.734317779541016
2_Paradoxical,5,23,0.8214285714285714,21.596692085266113,239.47675628662108,0.4494400229305029,3.3400390625,0.666313374042511,0.008341599209234118,0.32534504532814024,6.391483783721924
2_Paradoxical,5,24,0.8571428571428571,22.84173755645752,248.8075958251953,0.2445355849340558,4.371484375,0.5905805647373199,0.008017104538157582,0.40140233039855955,7.267585754394531
2_Paradoxical,5,25,0.8928571428571429,22.30070858001709,334.2557037353516,0.2775172382593155,5.560546875,0.6441895484924316,0.005421320348978043,0.35038913786411285,6.370383262634277
2_Paradoxical,5,26,0.9285714285714286,24.274666595458985,338.6839294433594,4.972588440068648e-05,6.61171875,0.36714031994342805,0.0027438743971288206,0.6301157891750335,6.249205589294434
2_Paradoxical,5,27,0.9642857142857142,23.976627540588378,452.1459533691406,2.8524831539795975e-42,6.417578125,0.044864971190690994,0.0008975093020126224,0.9542375206947327,6.544388771057129
2_Paradoxical,10,0,0.0,14.533313274383545,40.75544548034668,7.000754404067993,0.212744140625,0.37673537731170653,0.029523119889199735,0.5937415063381195,3.314053773880005
2_Paradoxical,10,1,0.03571428571428571,16.41500949859619,41.45508346557617,7.015364933013916,0.2750732421875,0.4010425806045532,0.045479343831539155,0.5534780740737915,3.7096829414367676
2_Paradoxical,10,2,0.07142857142857142,16.72076759338379,35.358136367797854,7.020586585998535,0.74677734375,0.3781794607639313,0.019896722584962844,0.6019238293170929,3.7132785320281982
2_Paradoxical,10,3,0.10714285714285714,16.961567687988282,32.507071304321286,7.0248894691467285,0.783447265625,0.4684354156255722,0.021630176715552805,0.5099344074726104,3.939117908477783
2_Paradoxical,10,4,0.14285714285714285,17.417011070251466,21.315539360046387,7.027178716659546,0.795703125,0.49335846602916716,0.016000850778073072,0.4906406790018082,4.2674880027771
2_Paradoxical,10,5,0.17857142857142858,17.512127494812013,25.577907752990722,7.029370307922363,0.796923828125,0.4049813449382782,0.015094036143273116,0.5799246191978454,5.03537654876709
2_Paradoxical,10,6,0.21428571428571427,18.79451427459717,19.337726593017578,7.029984664916992,0.832666015625,0.5923196077346802,0.010506016761064529,0.39717437624931334,3.7328925132751465
2_Paradoxical,10,7,0.25,19.025425529479982,23.59366512298584,7.0294318199157715,0.8375,0.4726115554571152,0.014369360730051994,0.5130190849304199,5.948005676269531
2_Paradoxical,10,8,0.2857142857142857,19.36225280761719,28.14570140838623,7.027913045883179,0.849365234375,0.4953155666589737,0.01503495518118143,0.48964948356151583,6.97338342666626
2_Paradoxical,10,9,0.32142857142857145,19.653026962280272,31.199685859680176,7.026046800613403,0.872607421875,0.5352048814296723,0.01696006180718541,0.44783505499362947,4.89394474029541
2_Paradoxical,10,10,0.35714285714285715,19.664785194396973,34.569932746887204,7.020274353027344,0.89072265625,0.4844015151262283,0.02523155901581049,0.490366929769516,7.332154750823975
2_Paradoxical,10,11,0.39285714285714285,19.700240898132325,38.63715782165527,7.007391452789307,0.920849609375,0.5408846914768219,0.021312008053064345,0.4378032982349396,6.883049011230469
2_Paradoxical,10,12,0.42857142857142855,19.513377380371093,50.46149940490723,6.218462228775024,0.965087890625,0.5668042778968811,0.016697558853775264,0.41649816036224363,6.464709281921387
2_Paradoxical,10,13,0.4642857142857143,19.70610942840576,50.2030891418457,4.860376799106598,1.0630859375,0.5729348123073578,0.018167580664157867,0.4088976144790649,6.255274772644043
2_Paradoxical,10,14,0.5,19.36781997680664,54.54052467346192,3.9832831978797913,1.144921875,0.581242972612381,0.016781454160809516,0.40197558104991915,6.7528204917907715
2_Paradoxical,10,15,0.5357142857142857,18.526058959960938,68.4759292602539,2.7258777275681494,1.2478515625,0.6057124674320221,0.010883162589743733,0.38340437710285186,6.399486541748047
2_Paradoxical,10,16,0.5714285714285714,18.669701194763185,62.729248046875,2.6730153914541006,1.52705078125,0.6414426803588867,0.009289035154506565,0.3492682874202728,5.332796573638916
2_Paradoxical,10,17,0.6071428571428571,18.661833572387696,59.33609809875488,2.8262425884604454,1.58193359375,0.518856018781662,0.009429009864106774,0.47171497344970703,5.439042091369629
2_Paradoxical,10,18,0.6428571428571429,18.62297420501709,101.36448211669922,1.677762996405363,1.64052734375,0.6389526128768921,0.006767166685312987,0.3542802184820175,7.19080114364624
2_Paradoxical,10,19,0.6785714285714286,19.84015235900879,98.96044921875,1.976644551753998,1.88291015625,0.6222645819187165,0.008534502377733589,0.3692009299993515,7.190288543701172
2_Paradoxical,10,20,0.7142857142857143,20.4912446975708,103.04352951049805,1.9766791015863419,2.2376953125,0.5761707484722137,0.007858861796557903,0.4159703880548477,6.8520379066467285
2_Paradoxical,10,21,0.75,20.403900718688966,124.59644927978516,3.032894362509251,2.29423828125,0.48955762982368467,0.007168206572532654,0.5032741755247117,7.0601701736450195
2_Paradoxical,10,22,0.7857142857142857,20.82146282196045,179.12617034912108,3.8472159553319214,2.691796875,0.6368041038513184,0.006027696281671524,0.3571682065725327,6.277253150939941
2_Paradoxical,10,23,0.8214285714285714,22.981325149536133,214.5758819580078,2.2183161782100798,3.8,0.674786114692688,0.008016304578632116,0.3171975791454315,6.713588714599609
2_Paradoxical,10,24,0.8571428571428571,23.855495262145997,220.11959381103514,2.041042597871274,5.331640625,0.6253264307975769,0.007304073683917523,0.3673695057630539,6.655461311340332
2_Paradoxical,10,25,0.8928571428571429,23.300467491149902,290.6380889892578,0.0727776533934957,7.098046875,0.6664626121520996,0.0048426304012537,0.32869477570056915,7.2250213623046875
2_Paradoxical,10,26,0.9285714285714286,25.661096382141114,301.53131713867185,6.430477278627223e-05,8.88359375,0.4228017687797546,0.0026345143327489496,0.5745637118816376,7.311136722564697
2_Paradoxical,10,27,0.9642857142857142,25.870956420898438,394.9637939453125,6.05238847779765e-31,8.66171875,0.06088353209197521,0.0010093736520502717,0.9381071031093597,6.55709981918335
2_Paradoxical,15,0,0.0,12.3925124168396,42.0339973449707,6.991312551498413,0.19154052734375,0.4021241992712021,0.02877181600779295,0.5691039860248566,3.12677264213562
2_Paradoxical,15,1,0.03571428571428571,14.485955047607423,45.16706466674805,7.005626630783081,0.23616943359375,0.47970232665538787,0.04476390779018402,0.4755337625741959,3.31628155708313
2_Paradoxical,15,2,0.07142857142857142,16.634689712524413,35.70008430480957,7.001845932006836,0.52255859375,0.34826914966106415,0.022326782532036304,0.6294040739536285,3.3772692680358887
2_Paradoxical,15,3,0.10714285714285714,16.811509704589845,33.92862510681152,7.004614067077637,0.549951171875,0.5199699342250824,0.02157011516392231,0.45845994651317595,3.4251277446746826
2_Paradoxical,15,4,0.14285714285714285,17.388776969909667,24.482669258117674,7.006593036651611,0.5544677734375,0.49467377066612245,0.014922052528709174,0.49040417075157167,3.5282998085021973
2_Paradoxical,15,5,0.17857142857142858,17.528564643859863,30.567499732971193,7.010104560852051,0.5544189453125,0.4293131798505783,0.012605408113449812,0.5580814123153687,3.8403167724609375
2_Paradoxical,15,6,0.21428571428571427,19.229443168640138,22.772265815734862,7.009823751449585,0.594677734375,0.5813429355621338,0.00906229978427291,0.4095947653055191,3.988140821456909
2_Paradoxical,15,7,0.25,19.620784568786622,26.678375053405762,7.0092000484466555,0.600244140625,0.5011473685503006,0.01059736404567957,0.48825526237487793,4.277633190155029
2_Paradoxical,15,8,0.2857142857142857,20.149230003356934,30.792481422424316,7.007682466506958,0.615673828125,0.5242552638053894,0.011084028519690037,0.4646607041358948,4.663313865661621
2_Paradoxical,15,9,0.32142857142857145,20.56226215362549,32.201450729370116,7.006712770462036,0.643896484375,0.5584259450435638,0.012862741947174072,0.42871131002902985,4.72861909866333
2_Paradoxical,15,10,0.35714285714285715,20.326102256774902,34.79052677154541,7.00228967666626,0.662451171875,0.502376589179039,0.01801200620830059,0.47961140275001524,6.326738357543945
2_Paradoxical,15,11,0.39285714285714285,20.16426601409912,38.38548889160156,6.991744756698608,0.6923828125,0.5689901828765869,0.015883703902363776,0.4151261061429977,6.912142753601074
2_Paradoxical,15,12,0.42857142857142855,19.843612289428712,47.74421920776367,6.151922798156738,0.738330078125,0.5868435978889466,0.012740477826446295,0.4004159301519394,6.606778144836426
2_Paradoxical,15,13,0.4642857142857143,20.31339912414551,47.38888816833496,5.17122300863266,0.835693359375,0.5879465639591217,0.012526118103414774,0.39952732026577,5.866070747375488
2_Paradoxical,15,14,0.5,19.936698341369627,51.767964935302736,4.404959589242935,0.913671875,0.5954803645610809,0.012402935326099396,0.39211670160293577,6.954570770263672
2_Paradoxical,15,15,0.5357142857142857,18.408233451843262,66.54329452514648,3.5238271027803423,1.0111328125,0.6200336813926697,0.008737528417259454,0.3712287902832031,7.516301155090332
2_Paradoxical,15,16,0.5714285714285714,18.556668090820313,62.39565238952637,3.3583153411746025,1.30361328125,0.6469142317771912,0.008433104865252972,0.34465266168117525,6.709129333496094
2_Paradoxical,15,17,0.6071428571428571,18.590649032592772,58.44833908081055,3.823335459828377,1.3728515625,0.5161752700805664,0.008006239496171474,0.47581848204135896,6.665757179260254
2_Paradoxical,15,18,0.6428571428571429,18.76183376312256,98.04325103759766,3.8991315603256225,1.43671875,0.6293939411640167,0.005716953845694661,0.3648891061544418,6.526801109313965
2_Paradoxical,15,19,0.6785714285714286,20.529526138305663,101.2378776550293,3.682497054338455,1.76591796875,0.6514882624149323,0.007455601403489709,0.3410561352968216,6.275929927825928
2_Paradoxical,15,20,0.7142857142857143,21.75198745727539,102.51082916259766,3.860063982009888,2.18876953125,0.577926242351532,0.007404467696323991,0.41466928720474244,6.726529598236084
2_Paradoxical,15,21,0.75,21.59232692718506,123.21340713500976,4.812053295969963,2.28974609375,0.49346684515476225,0.006825383380055427,0.4997077703475952,6.4014692306518555
2_Paradoxical,15,22,0.7857142857142857,22.82374038696289,173.09532928466797,5.148613664507866,2.625390625,0.6469629824161529,0.005796935828402639,0.34724008440971377,6.183114051818848
2_Paradoxical,15,23,0.8214285714285714,26.53912982940674,206.8386001586914,4.015115692652762,3.923046875,0.6923148036003113,0.006424691108986735,0.3012604981660843,6.084118843078613
2_Paradoxical,15,24,0.8571428571428571,27.23230400085449,218.518798828125,3.149075928609818,6.044921875,0.6596789956092834,0.006127514969557523,0.3341934889554977,6.356828212738037
2_Paradoxical,15,25,0.8928571428571429,27.113367652893068,274.8205993652344,0.11186038398882374,8.600390625,0.6868691742420197,0.0050081655383110045,0.3081226497888565,6.496651649475098
2_Paradoxical,15,26,0.9285714285714286,30.352567672729492,264.7919982910156,0.0003682818683955702,11.55,0.4597265601158142,0.003137936140410602,0.5371355175971985,6.529775142669678
2_Paradoxical,15,27,0.9642857142857142,30.950625801086424,315.8979797363281,7.652173727589881e-19,11.5109375,0.09479567036032677,0.0012810646556317806,0.9039232611656189,6.227448463439941
2_Paradoxical,19,0,0.0,8.43935523033142,38.59806518554687,6.954570198059082,0.17421875,0.40321733951568606,0.02828252352774143,0.5685001373291015,3.2079193592071533
2_Paradoxical,19,1,0.03571428571428571,10.895104122161865,38.15032272338867,6.962338781356811,0.22110595703125,0.4909667819738388,0.04347655028104782,0.46555666625499725,3.265637159347534
2_Paradoxical,19,2,0.07142857142857142,13.391900253295898,33.939221954345705,6.9271852493286135,0.5023681640625,0.34792810678482056,0.023419549502432347,0.6286523401737213,3.3493072986602783
2_Paradoxical,19,3,0.10714285714285714,13.492227268218993,33.100634002685545,6.913779306411743,0.5387451171875,0.5286804497241974,0.01976804342120886,0.4515515208244324,3.333362579345703
2_Paradoxical,19,4,0.14285714285714285,14.059515762329102,25.824329566955566,6.906614303588867,0.536376953125,0.506079226732254,0.013119213655591011,0.4808015525341034,3.4239723682403564
2_Paradoxical,19,5,0.17857142857142858,14.38050947189331,32.15402774810791,6.910554647445679,0.538916015625,0.4357023060321808,0.010282026324421167,0.5540156722068786,3.655141830444336
2_Paradoxical,19,6,0.21428571428571427,16.23038625717163,24.177212524414063,6.90716781616211,0.578271484375,0.5743698656558991,0.00819176840595901,0.41743836998939515,3.9521708488464355
2_Paradoxical,19,7,0.25,16.688808059692384,26.586076545715333,6.906716346740723,0.5861083984375,0.5137861371040344,0.008598714508116246,0.47761514484882356,3.905385971069336
2_Paradoxical,19,8,0.2857142857142857,17.516508293151855,29.985946273803712,6.9031047344207765,0.60400390625,0.5485192835330963,0.00905990619212389,0.44242081344127654,4.073580741882324
2_Paradoxical,19,9,0.32142857142857145,18.235955047607423,28.4111572265625,6.904892492294311,0.631103515625,0.5718431234359741,0.010840450972318649,0.41731642484664916,4.070207118988037
2_Paradoxical,19,10,0.35714285714285715,18.156527709960937,30.759648704528807,6.899513101577758,0.6489501953125,0.5119820296764374,0.015072533581405877,0.472945436835289,4.745654106140137
2_Paradoxical,19,11,0.39285714285714285,18.145528984069824,34.04962425231933,6.894926071166992,0.677392578125,0.5870611906051636,0.01261330358684063,0.4003255069255829,5.123303413391113
2_Paradoxical,19,12,0.42857142857142855,18.046823692321777,41.8704288482666,6.4531323432922365,0.71455078125,0.5954688489437103,0.009875229094177485,0.39465591311454773,4.902228355407715
2_Paradoxical,19,13,0.4642857142857143,19.341196632385255,42.52496147155762,6.041749382019043,0.803662109375,0.5964167475700378,0.009519905783236027,0.39406334757804873,5.551764488220215
2_Paradoxical,19,14,0.5,19.127730560302734,46.613983917236325,5.344651925563812,0.87568359375,0.5977937638759613,0.008662267168983818,0.3935439735651016,5.966361999511719
2_Paradoxical,19,15,0.5357142857142857,17.877989959716796,63.391089248657224,4.845998060703278,0.96923828125,0.632923710346222,0.006653050659224391,0.36042324304580686,5.842123508453369
2_Paradoxical,19,16,0.5714285714285714,18.180907821655275,60.25844039916992,4.813583838939667,1.25849609375,0.645917534828186,0.007680974574759603,0.3464014887809753,5.52017879486084
2_Paradoxical,19,17,0.6071428571428571,18.384699821472168,57.31471405029297,5.342024648189545,1.340625,0.5176677942276001,0.007345054903998971,0.47498715817928316,5.662213325500488
2_Paradoxical,19,18,0.6428571428571429,18.995308113098144,94.07116394042968,5.880031442642212,1.425,0.6085231900215149,0.005271961446851492,0.38620485663414,5.358717918395996
2_Paradoxical,19,19,0.6785714285714286,21.754565048217774,104.24602661132812,4.882984364032746,1.886328125,0.6882333517074585,0.006907322583720088,0.3048593312501907,5.434055328369141
2_Paradoxical,19,20,0.7142857142857143,23.821975708007812,104.96227340698242,4.96463725566864,2.380859375,0.5891848802566528,0.007618376798927784,0.4031967371702194,5.4162492752075195
2_Paradoxical,19,21,0.75,24.79452133178711,121.76726913452148,5.207665824890137,2.644921875,0.5004351675510407,0.008029266213998198,0.49153557121753694,5.2660017013549805
2_Paradoxical,19,22,0.7857142857142857,27.736659431457518,163.26104278564452,4.777397382259369,3.15546875,0.6294447422027588,0.007659114012494683,0.36289614737033843,5.384969234466553
2_Paradoxical,19,23,0.8214285714285714,32.95830726623535,196.07233428955078,3.1339749455451966,5.100390625,0.6893661916255951,0.008706311602145434,0.3019275009632111,5.3770647048950195
2_Paradoxical,19,24,0.8571428571428571,33.02882022857666,214.81777801513672,3.0183798283338548,8.1859375,0.6724378228187561,0.008810511324554682,0.31875166594982146,5.494187355041504
2_Paradoxical,19,25,0.8928571428571429,33.244690132141116,248.75423736572264,1.356649535894394,12.13359375,0.6556800723075866,0.01001148740760982,0.3343084454536438,5.665205955505371
2_Paradoxical,19,26,0.9285714285714286,38.322348022460936,204.68124694824218,0.7713456451892853,14.93125,0.5117774963378906,0.007136781280860305,0.4810857266187668,5.508360385894775
2_Paradoxical,19,27,0.9642857142857142,39.7188003540039,184.05460510253906,5.390604585887747e-05,14.80859375,0.17310345470905303,0.00196019324939698,0.8249363481998444,4.503596782684326
