model,layer,relative_depth,bucket,attn_entropy,attn_sink,res_proj_Impossible,attn_align_Impossible,mlp_align_Impossible,res_proj_Hallucination,attn_align_Hallucination,mlp_align_Hallucination,res_norm,logit_entropy,logit_conf
mistralv1-7B,0,0.0,Factual,1.03215625,0.2553046875,-0.07826220703125,-0.203074951171875,-0.1912939453125,-0.10099365234375,-0.27408984375,-0.247392578125,0.272453125,10.375,3.147125244140625e-05
mistralv1-7B,0,0.0,Hallucinations,1.07953125,0.17032177734375,-0.0097259521484375,-0.06874755859375,-0.059439453125,-0.021484375,-0.08988427734375,-0.06114306640625,0.285265625,10.375,3.148651123046875e-05
mistralv1-7B,0,0.0,Impossible,0.948232421875,0.1782275390625,0.009581298828125,-0.071705078125,-0.07502099609375,-0.0252685546875,-0.12633349609375,-0.11102685546875,0.3244375,10.375,3.15093994140625e-05
mistralv1-7B,1,0.03125,Factual,0.75328515625,0.3195,-32.58917041015625,0.008114654541015625,-0.04484872436523438,-33.22864599609375,0.0065283203125,-0.023015625,33.612890625,,
mistralv1-7B,1,0.03125,Hallucinations,0.809376953125,0.22193115234375,-24.281175048828125,0.005858871459960937,-0.09919970703125,-24.818492553710936,0.005875106811523438,-0.088402099609375,25.366453125,,
mistralv1-7B,1,0.03125,Impossible,0.70146875,0.2264150390625,-26.500298736572265,0.0075290298461914065,-0.031725341796875,-27.20797805786133,0.006200508117675781,-0.0138134765625,27.99515625,,
mistralv1-7B,2,0.0625,Factual,1.021,0.2741328125,-32.620560546875,-0.0727071533203125,-0.00585772705078125,-33.17448046875,-0.05736376953125,0.0019833984375,33.83884375,9.47775,0.0529095573425293
mistralv1-7B,2,0.0625,Hallucinations,0.8823583984375,0.19088427734375,-24.31051025390625,-0.048358642578125,-0.0132998046875,-24.803174926757812,-0.03686453247070313,-0.010926513671875,25.55465625,9.69925,0.04117247009277344
mistralv1-7B,2,0.0625,Impossible,0.760197265625,0.1940947265625,-26.530410400390625,-0.047404632568359376,-0.03537042236328125,-27.1445908203125,-0.03752740478515625,-0.03370361328125,28.204875,9.61325,0.047210369110107425
mistralv1-7B,3,0.09375,Factual,1.3475810546875,0.20566796875,-32.640517578125,-0.08724658203125,0.084788330078125,-33.194076171875,-0.06884423828125,0.0951962890625,33.9445625,,
mistralv1-7B,3,0.09375,Hallucinations,1.1837939453125,0.14172021484375,-24.3315341796875,-0.057716552734375,0.12391845703125,-24.82398779296875,-0.043780517578125,0.134767578125,25.6885,,
mistralv1-7B,3,0.09375,Impossible,1.071833984375,0.1448056640625,-26.56341259765625,-0.05561865234375,0.075255126953125,-27.1746416015625,-0.04402490234375,0.083158447265625,28.3503125,,
mistralv1-7B,4,0.125,Factual,1.303060546875,0.2383046875,-32.479072265625,-0.0946796875,0.04696026611328125,-33.131451171875,-0.0747294921875,0.0504810791015625,34.3148125,9.477875,0.05290588188171387
mistralv1-7B,4,0.125,Hallucinations,1.1118134765625,0.16813427734375,-24.2065771484375,-0.064447265625,0.0745330810546875,-24.7827109375,-0.0486971435546875,0.07788201904296875,25.99028125,9.6985,0.04109453773498535
mistralv1-7B,4,0.125,Impossible,1.0006953125,0.1691962890625,-26.433399230957033,-0.058489013671875,0.03081475830078125,-27.139740234375,-0.04647189331054687,0.0308760986328125,28.6869375,9.613,0.04725749397277832
mistralv1-7B,5,0.15625,Factual,1.4103583984375,0.19082421875,-32.4761484375,-0.09179345703125,0.06550634765625,-33.1988125,-0.0721795654296875,0.07675146484375,34.5088125,,
mistralv1-7B,5,0.15625,Hallucinations,1.2434013671875,0.13339208984375,-24.199104370117187,-0.0577108154296875,0.057410400390625,-24.815251953125,-0.04297052001953125,0.0656748046875,26.173375,,
mistralv1-7B,5,0.15625,Impossible,1.1339453125,0.1342353515625,-26.431240234375,-0.05074053955078125,0.0331988525390625,-27.1756767578125,-0.040966552734375,0.0386094970703125,28.8949375,,
mistralv1-7B,6,0.1875,Factual,1.212833984375,0.2535546875,-32.522609375,-0.093478759765625,-0.07498884582519531,-33.245546875,-0.0736485595703125,-0.070944580078125,34.699625,9.47725,0.052949104309082035
mistralv1-7B,6,0.1875,Hallucinations,1.122361328125,0.18014990234375,-24.25762109375,-0.05689410400390625,-0.0559013671875,-24.870798828125,-0.041826385498046875,-0.05283203125,26.41825,9.69825,0.04107532691955566
mistralv1-7B,6,0.1875,Impossible,1.01306640625,0.1798525390625,-26.4983896484375,-0.049553955078125,-0.07619189453125,-27.236056640625,-0.04042218017578125,-0.07622705078125,29.144875,9.6115,0.047320295333862304
mistralv1-7B,7,0.21875,Factual,1.249533203125,0.2451796875,-32.54862109375,-0.1102373046875,-0.07418911743164062,-33.22647265625,-0.09031396484375,-0.0745009765625,34.9441875,,
mistralv1-7B,7,0.21875,Hallucinations,1.212392578125,0.16946240234375,-24.243125,-0.07583248901367187,-0.0630977783203125,-24.84543212890625,-0.0612568359375,-0.0637547607421875,26.6916875,,
mistralv1-7B,7,0.21875,Impossible,1.059771484375,0.1740947265625,-26.51121240234375,-0.06319427490234375,-0.09095751953125,-27.24233203125,-0.05602044677734375,-0.09667572021484375,29.4243125,,
mistralv1-7B,8,0.25,Factual,1.388677734375,0.2231484375,-32.5586484375,-0.126535400390625,-0.11009326171875,-33.3005625,-0.10969873046875,-0.1043199462890625,35.155125,9.477,0.052929845809936524
mistralv1-7B,8,0.25,Hallucinations,1.3027734375,0.15527490234375,-24.25890625,-0.09262725830078125,-0.1122109375,-24.87893359375,-0.08109854125976562,-0.11278076171875,26.955125,9.69725,0.04130605888366699
mistralv1-7B,8,0.25,Impossible,1.1987265625,0.1563017578125,-26.50791015625,-0.07843121337890625,-0.1504970703125,-27.38196484375,-0.07584942626953126,-0.15658416748046874,29.704,9.61125,0.047301214218139646
mistralv1-7B,9,0.28125,Factual,1.182333984375,0.2329453125,-33.017,-0.1233740234375,-0.163591064453125,-33.83991015625,-0.1080732421875,-0.1643798828125,35.874125,,
mistralv1-7B,9,0.28125,Hallucinations,1.14851171875,0.16417333984375,-24.5517275390625,-0.0854127197265625,-0.10729620361328125,-25.2469208984375,-0.07577435302734375,-0.10671255493164063,27.573875,,
mistralv1-7B,9,0.28125,Impossible,1.006095703125,0.1652939453125,-26.8571494140625,-0.07815283203125,-0.13178369140625,-27.7650888671875,-0.07872802734375,-0.1365634765625,30.31675,,
mistralv1-7B,10,0.3125,Factual,1.415583984375,0.2133671875,-32.995609375,-0.127775390625,-0.191494140625,-33.9685703125,-0.1119697265625,-0.20091015625,36.12125,9.47175,0.0536724681854248
mistralv1-7B,10,0.3125,Hallucinations,1.3919765625,0.13456396484375,-24.4904072265625,-0.08689765930175782,-0.1092562255859375,-25.325633544921875,-0.077649658203125,-0.11521826171875,27.8355,9.69325,0.04164225387573242
mistralv1-7B,10,0.3125,Impossible,1.25739453125,0.1392041015625,-26.860376953125,-0.07871099853515626,-0.150861328125,-27.8823671875,-0.0810474853515625,-0.165072265625,30.603,9.606125,0.04780554389953613
mistralv1-7B,11,0.34375,Factual,1.22062109375,0.22634375,-33.05928125,-0.133302734375,-0.166880859375,-33.9122578125,-0.1177001953125,-0.17230078125,36.446875,,
mistralv1-7B,11,0.34375,Hallucinations,1.170388671875,0.16225146484375,-24.503037109375,-0.083889892578125,-0.076457763671875,-25.227453125,-0.07608892822265625,-0.07581396484375,28.164375,,
mistralv1-7B,11,0.34375,Impossible,1.03873828125,0.1615322265625,-26.894109375,-0.07559625244140625,-0.11958984375,-27.8538359375,-0.0816468505859375,-0.1302978515625,30.958875,,
mistralv1-7B,12,0.375,Factual,1.18907421875,0.2085390625,-32.95453125,-0.1448427734375,-0.090960205078125,-33.8976875,-0.1287958984375,-0.088864501953125,36.67525,9.4725,0.05344610404968262
mistralv1-7B,12,0.375,Hallucinations,1.1989609375,0.14268896484375,-24.3986552734375,-0.089283935546875,-0.030651611328125,-25.156079345703127,-0.0804873046875,-0.027093017578125,28.425125,9.69225,0.041587753295898436
mistralv1-7B,12,0.375,Impossible,1.060921875,0.1432705078125,-26.69790234375,-0.07866629028320313,-0.04526141357421875,-27.79344921875,-0.08758441162109375,-0.0488414306640625,31.18625,9.604875,0.04774326324462891
mistralv1-7B,13,0.40625,Factual,1.40924609375,0.16406640625,-33.07840625,-0.1440380859375,-0.128158203125,-34.16178125,-0.1283583984375,-0.141037109375,37.084125,,
mistralv1-7B,13,0.40625,Hallucinations,1.4832421875,0.09891748046875,-24.472931640625,-0.08300131225585937,-0.0568275146484375,-25.3533046875,-0.07413909912109375,-0.0638740234375,28.846375,,
mistralv1-7B,13,0.40625,Impossible,1.33730859375,0.1013193359375,-26.805685546875,-0.06933303833007813,-0.0628253173828125,-27.96577734375,-0.0811864013671875,-0.08193359375,31.683125,,
mistralv1-7B,14,0.4375,Factual,1.256529296875,0.18208984375,-34.39046875,-0.151478515625,-0.2448125,-35.44134375,-0.137611328125,-0.2573984375,38.73875,9.46875,0.053095766067504886
mistralv1-7B,14,0.4375,Hallucinations,1.289080078125,0.11860302734375,-25.4323876953125,-0.088661376953125,-0.19072265625,-26.286404296875,-0.079785400390625,-0.2033857421875,30.162,9.69075,0.041276304244995114
mistralv1-7B,14,0.4375,Impossible,1.176712890625,0.1175400390625,-27.82478125,-0.06475970458984374,-0.2214482421875,-28.99570703125,-0.0806566162109375,-0.246927734375,33.10775,9.59925,0.047932039260864256
mistralv1-7B,15,0.46875,Factual,1.208091796875,0.18193359375,-34.41528125,-0.151580078125,-0.139484375,-35.53503125,-0.1354794921875,-0.14825390625,39.245,,
mistralv1-7B,15,0.46875,Hallucinations,1.25624609375,0.11971240234375,-25.39858984375,-0.0835826416015625,-0.11305224609375,-26.32183203125,-0.07248663330078126,-0.12564453125,30.723,,
mistralv1-7B,15,0.46875,Impossible,1.1385234375,0.1209462890625,-27.74109375,-0.06116943359375,-0.132576171875,-29.05804296875,-0.07831005859375,-0.156092041015625,33.71225,,
mistralv1-7B,16,0.5,Factual,1.198685546875,0.166361328125,-34.28328125,-0.172412109375,-0.097046630859375,-35.574125,-0.16140234375,-0.09848992919921876,40.1215,9.4685,0.05308959007263184
mistralv1-7B,16,0.5,Hallucinations,1.2547734375,0.10627490234375,-25.26062646484375,-0.10059814453125,-0.0173692626953125,-26.290125,-0.09449739074707031,-0.0187386474609375,31.587,9.69075,0.041316617965698244
mistralv1-7B,16,0.5,Impossible,1.138890625,0.1133095703125,-27.4694296875,-0.07178765869140626,-0.02940106201171875,-28.9645,-0.097406982421875,-0.0490003662109375,34.65525,9.59925,0.048054277420043943
mistralv1-7B,17,0.53125,Factual,1.27742578125,0.19480078125,-34.299125,-0.1643212890625,-0.1177197265625,-35.8251875,-0.14923974609375,-0.123980224609375,41.0515,,
mistralv1-7B,17,0.53125,Hallucinations,1.29798046875,0.13098193359375,-25.1922978515625,-0.08105799865722656,-0.0756201171875,-26.418865234375,-0.07212127685546875,-0.082765625,32.595,,
mistralv1-7B,17,0.53125,Impossible,1.22740625,0.1304931640625,-27.407640625,-0.05038671875,-0.0972642822265625,-29.129546875,-0.07781103515625,-0.120945068359375,35.6775,,
mistralv1-7B,18,0.5625,Factual,1.165375,0.1891796875,-33.9289375,-0.1809051513671875,-0.114263671875,-35.6751875,-0.1685419921875,-0.1190029296875,42.1695,9.468125,0.053209667205810544
mistralv1-7B,18,0.5625,Hallucinations,1.19143359375,0.12071630859375,-24.8656328125,-0.08721279907226563,-0.09008154296875,-26.2778515625,-0.0780712890625,-0.10167333984375,33.92225,9.691,0.04128013229370117
mistralv1-7B,18,0.5625,Impossible,1.07525390625,0.1239072265625,-26.960578125,-0.0547386474609375,-0.0860634765625,-28.9725625,-0.08807611083984375,-0.11520184326171876,36.9265,9.59875,0.04820906639099121
mistralv1-7B,19,0.59375,Factual,1.09132421875,0.21089453125,-33.2801875,-0.221,-0.055834228515625,-35.668875,-0.2150078125,-0.05469110107421875,43.74,,
mistralv1-7B,19,0.59375,Hallucinations,1.1439853515625,0.13045068359375,-24.43028125,-0.1111278076171875,-0.0908380126953125,-26.354875,-0.10595458984375,-0.1068359375,35.8495,,
mistralv1-7B,19,0.59375,Impossible,1.0409716796875,0.1211025390625,-26.389015625,-0.0771519775390625,-0.0872857666015625,-29.077390625,-0.1213720703125,-0.1218638916015625,38.8115,,
mistralv1-7B,20,0.625,Factual,1.05753515625,0.22669140625,-31.99128125,-0.1728724365234375,-0.04415972900390625,-35.1263125,-0.1590032958984375,-0.03729339599609375,45.162,9.468,0.051396863937377926
mistralv1-7B,20,0.625,Hallucinations,1.03563671875,0.15370068359375,-23.2740078125,-0.064032470703125,-0.021522216796875,-25.790109375,-0.05349600219726563,-0.03311233520507813,37.4895,9.6905,0.0404326171875
mistralv1-7B,20,0.625,Impossible,0.961203125,0.1444697265625,-25.12038671875,-0.02829534912109375,-0.02633648681640625,-28.702265625,-0.07249679565429687,-0.0587176513671875,40.341,9.599375,0.046639198303222655
mistralv1-7B,21,0.65625,Factual,1.0353671875,0.2519375,-30.42159375,-0.182229736328125,-0.03479818725585938,-34.16190625,-0.16913525390625,-0.0336572265625,46.347,,
mistralv1-7B,21,0.65625,Hallucinations,0.996306640625,0.16961865234375,-22.19360546875,-0.05939447021484375,-0.0637630615234375,-25.25301171875,-0.0485313720703125,-0.0911353759765625,38.852,,
mistralv1-7B,21,0.65625,Impossible,0.915115234375,0.1641181640625,-23.641796875,-0.0234461669921875,-0.03409968566894531,-27.8846875,-0.07092547607421874,-0.0686180419921875,41.626,,
mistralv1-7B,22,0.6875,Factual,0.992896484375,0.2653046875,-28.784046875,-0.1910054931640625,-0.04878765869140625,-33.57446875,-0.1759996337890625,-0.0524561767578125,47.4295,9.46875,0.051154170989990234
mistralv1-7B,22,0.6875,Hallucinations,0.91721484375,0.17911474609375,-20.704955078125,-0.05669598388671875,-0.019254150390625,-24.70441015625,-0.0478472900390625,-0.03738470458984375,40.062,9.69075,0.04037052345275879
mistralv1-7B,22,0.6875,Impossible,0.834921875,0.1758369140625,-22.03278955078125,-0.0201658935546875,-0.0279415283203125,-27.43940625,-0.07225970458984375,-0.0679783935546875,42.821,9.59925,0.04665974044799805
mistralv1-7B,23,0.71875,Factual,0.987544921875,0.260453125,-27.2133359375,-0.19874267578125,-0.043017578125,-32.6088125,-0.188131103515625,-0.04278679656982422,48.411,,
mistralv1-7B,23,0.71875,Hallucinations,0.947064453125,0.17484521484375,-19.304388671875,-0.0568416748046875,-0.0101199951171875,-23.81460546875,-0.05035577392578125,-0.0371934814453125,41.318,,
mistralv1-7B,23,0.71875,Impossible,0.870078125,0.1720478515625,-20.376490234375,-0.0191590576171875,0.00689404296875,-26.397953125,-0.07626893615722656,-0.030559677124023438,43.9535,,
mistralv1-7B,24,0.75,Factual,0.975341796875,0.26521875,-26.3147138671875,-0.198772216796875,-0.047999725341796876,-32.30721875,-0.18626754760742187,-0.0672813720703125,49.4395,9.46875,0.05111248779296875
mistralv1-7B,24,0.75,Hallucinations,0.9203916015625,0.17229052734375,-18.3842802734375,-0.04876849365234375,-0.00110296630859375,-23.3998046875,-0.0400711669921875,-0.032609375,42.362,9.691,0.04020406341552735
mistralv1-7B,24,0.75,Impossible,0.8395703125,0.1675009765625,-19.34928125,-0.011745849609375,0.0016500244140625,-26.074,-0.0681031494140625,-0.046587982177734376,45.0155,9.599375,0.04653947067260742
mistralv1-7B,25,0.78125,Factual,1.02251953125,0.2579140625,-25.09598046875,-0.205497802734375,-0.027618293762207032,-31.6940625,-0.19644085693359375,-0.0454808349609375,50.6245,,
mistralv1-7B,25,0.78125,Hallucinations,0.88931640625,0.17639990234375,-17.17013525390625,-0.05001286315917969,0.01076318359375,-22.739521484375,-0.0436900634765625,-0.01919635009765625,43.597,,
mistralv1-7B,25,0.78125,Impossible,0.823392578125,0.1667509765625,-17.9832001953125,-0.0133656005859375,0.0207774658203125,-25.40740625,-0.0733740234375,-0.025923095703125,46.307,,
mistralv1-7B,26,0.8125,Factual,1.020876953125,0.2566015625,-24.528080078125,-0.206723876953125,-0.02871978759765625,-31.02221875,-0.2060001220703125,-0.03444427490234375,51.7335,9.467625,0.05144778823852539
mistralv1-7B,26,0.8125,Hallucinations,0.91065625,0.17524365234375,-16.557181030273437,-0.05106671142578125,0.01385986328125,-21.996998046875,-0.04809051513671875,0.0016693115234375,44.762,9.6905,0.040291593551635745
mistralv1-7B,26,0.8125,Impossible,0.815810546875,0.1743291015625,-17.14944140625,-0.014573974609375,0.044512939453125,-24.497046875,-0.08008770751953125,0.021387939453125,47.432,9.599125,0.046458049774169924
mistralv1-7B,27,0.84375,Factual,1.12104296875,0.2387578125,-24.92533203125,-0.2117862548828125,-0.03117724609375,-30.86215625,-0.2153751220703125,-0.04347760009765625,53.252,,
mistralv1-7B,27,0.84375,Hallucinations,0.99952734375,0.16666552734375,-16.590712890625,-0.053591064453125,0.03429443359375,-21.4807958984375,-0.0515511474609375,0.028688232421875,46.242,,
mistralv1-7B,27,0.84375,Impossible,0.90769921875,0.1700947265625,-17.0739375,-0.01715374755859375,0.06419677734375,-23.8979765625,-0.08503271484375,0.04785498046875,48.898,,
mistralv1-7B,28,0.875,Factual,1.129515625,0.21642578125,-24.88761328125,-0.2313336181640625,0.03666015625,-30.281640625,-0.24730859375,0.04988818359375,54.961,9.471,0.05013171195983887
mistralv1-7B,28,0.875,Hallucinations,1.035810546875,0.14827880859375,-16.181140625,-0.06942886352539063,0.098063720703125,-20.4915546875,-0.07615374755859375,0.1259990234375,47.997,9.6925,0.03943971824645996
mistralv1-7B,28,0.875,Impossible,0.96967578125,0.1472666015625,-16.493921875,-0.0309541015625,0.12676708984375,-22.93237109375,-0.1117430419921875,0.13188232421875,50.743,9.6025,0.045905838012695314
mistralv1-7B,29,0.90625,Factual,1.080873046875,0.2190078125,-24.100953125,-0.22938409423828124,0.0272901611328125,-30.3503203125,-0.256043701171875,0.004201171875,57.821,,
mistralv1-7B,29,0.90625,Hallucinations,1.014177734375,0.15143115234375,-15.009220703125,-0.06324798583984376,0.09347021484375,-19.83996875,-0.07358868408203124,0.0888388671875,51.118,,
mistralv1-7B,29,0.90625,Impossible,0.9474921875,0.1481416015625,-15.020125,-0.02059228515625,0.112962890625,-22.4971484375,-0.11126708984375,0.073672119140625,54.402,,
mistralv1-7B,30,0.9375,Factual,1.1468046875,0.228890625,-7.50733203125,-0.214638671875,0.00828125,-13.6395859375,-0.285654052734375,-0.0038817138671875,44.748,9.705,0.029965831756591798
mistralv1-7B,30,0.9375,Hallucinations,1.051513671875,0.15756005859375,-1.31641162109375,-0.021764892578125,0.0538087158203125,-5.4673896484375,-0.043475830078125,0.070455078125,43.176,9.86025,0.02451433563232422
mistralv1-7B,30,0.9375,Impossible,0.97057421875,0.1564931640625,0.359578125,0.029368408203125,0.10252978515625,-7.6874921875,-0.099955322265625,0.07384521484375,45.789,9.78025,0.029648860931396483
mistralv1-7B,31,0.96875,Factual,1.28748828125,0.18993359375,-73.736,-0.2503701171875,-0.040336669921875,-132.477,-0.34248828125,-0.12726806640625,367.296,0.8889000069499016,0.8265625
mistralv1-7B,31,0.96875,Hallucinations,1.196328125,0.12678271484375,-7.340125,-0.059116455078125,0.0070693359375,-38.522375,-0.11059765625,-0.026140625,378.608,3.0301875,0.486005859375
mistralv1-7B,31,0.96875,Impossible,1.1322265625,0.1220673828125,20.33,-0.0105599365234375,0.0409658203125,-66.067,-0.17037548828125,-0.0651796875,382.304,2.602,0.52349609375
